jira,reviewer,reviewer_type,model,run_id,source_record_index,dataset_index,slug,baseline_outcome,baseline_correctness,manual_verdict,correctness,confidence,reason
TRACER-17,Sayuru,manual review,qwen,20260823T055846Z-2a2e56f1,2,2841,nim-game,needs_manual_review,,incorrect,False,high,"The candidate inverts the winning condition: multiples of 4 are losing positions, so the result must be n % 4 != 0."
TRACER-17,Sayuru,manual review,qwen,20260823T055846Z-2a2e56f1,3,2842,find-all-possible-recipes-from-given-supplies,needs_manual_review,,incorrect,False,high,"The method parameter is recipes but the implementation uses undefined recepies, causing a NameError; control-flow indentation is also broken."
TRACER-17,Sayuru,manual review,qwen,20260823T055846Z-2a2e56f1,4,2843,sequential-digits,needs_manual_review,,correct,True,high,Equivalent breadth-first generation of sequential numbers; sorting the already ordered output does not change correctness.
TRACER-17,Sayuru,manual review,qwen,20260823T055846Z-2a2e56f1,8,2847,disconnect-path-in-a-binary-matrix-by-at-most-one-flip,needs_manual_review,,incorrect,False,high,The DFS neighbor loop is outside dfs and refers to i/j before assignment; the later cut-path condition is also changed incorrectly.
TRACER-17,Sayuru,manual review,qwen,20260823T055846Z-2a2e56f1,9,2848,smallest-string-starting-from-leaf,needs_manual_review,,incorrect,False,high,It compares root-to-leaf path order but stores the reversed leaf-to-root string. Reversal does not preserve lexicographic ordering.
TRACER-17,Sayuru,manual review,qwen,20260823T055846Z-2a2e56f1,13,2852,maximum-of-absolute-value-expression,needs_manual_review,,incorrect,False,high,"val4 is appended only once after the loop, then indexed as if it had n entries; for n > 1 this can raise IndexError and the computation is incomplete."
TRACER-17,Sayuru,manual review,qwen,20260823T055846Z-2a2e56f1,14,2853,minimum-cost-to-make-at-least-one-valid-path-in-a-grid,needs_manual_review,,correct,True,high,Functionally matches the reference 0-1 expansion logic; removing an explicit return None from dfs does not alter behavior.
TRACER-17,Sayuru,manual review,qwen,20260823T055846Z-2a2e56f1,16,2855,best-time-to-buy-and-sell-stock-ii,needs_manual_review,,incorrect,False,high,"The loop counter is never incremented and stockBuy/stockSell are not refreshed, so the loop can fail to terminate or access j+1 incorrectly."
TRACER-17,Sayuru,manual review,qwen,20260823T055846Z-2a2e56f1,17,2856,substring-with-concatenation-of-all-words,needs_manual_review,,incorrect,False,high,"The helper and main search body are dedented out of the method, so class-body evaluation references method-local variables and the method does not implement the search."
TRACER-17,Sayuru,manual review,qwen,20260823T055846Z-2a2e56f1,18,2857,merge-k-sorted-lists,needs_manual_review,,correct,True,high,"Equivalent to the reference: collect all node values, sort them, and construct a new sorted linked list."
TRACER-17,Sayuru,manual review,qwen,20260823T055846Z-2a2e56f1,19,2858,find-the-string-with-lcp,needs_manual_review,,correct,True,medium,"The separate diagonal validation is omitted, but the later full pattern_lcp equality check enforces the same diagonal condition; the remaining construction matches the reference."
TRACER-17,Sayuru,manual review,gemma,20260823T060119Z-cabb9934,0,2839,moving-stones-until-consecutive-ii,needs_manual_review,,incorrect,False,high,"The implementation destructively pops sorted stones and returns fixed answers largely from n, which does not model the legal endpoint-move problem."
TRACER-17,Sayuru,manual review,gemma,20260823T060119Z-cabb9934,3,2842,find-all-possible-recipes-from-given-supplies,needs_manual_review,,incorrect,False,high,"It increments indegree for ingredient nodes themselves, preventing ordinary supplies from entering the zero-indegree queue; dependency tracking is incorrect."
TRACER-17,Sayuru,manual review,gemma,20260823T060119Z-cabb9934,4,2843,sequential-digits,needs_manual_review,,correct,True,high,Equivalent BFS generation of sequential-digit numbers and returns them sorted within the requested range.
TRACER-17,Sayuru,manual review,gemma,20260823T060119Z-cabb9934,5,2844,check-if-string-is-transformable-with-substring-sort-operations,needs_manual_review,,incorrect,False,high,"It only checks character counts and occurrence availability, ignoring the ordering constraint that smaller blocked digits cannot be crossed by substring sorting."
TRACER-17,Sayuru,manual review,gemma,20260823T060119Z-cabb9934,6,2845,increasing-order-search-tree,needs_manual_review,,incorrect,False,high,"The traversal appends each node before visiting its left child, producing preorder rather than inorder, so the reconstructed chain is not guaranteed sorted."
TRACER-17,Sayuru,manual review,gemma,20260823T060119Z-cabb9934,7,2846,check-if-one-string-swap-can-make-strings-equal,needs_manual_review,,correct,True,high,"Equivalent to the reference: exactly two mismatches must cross-match, while identical strings are accepted."
TRACER-17,Sayuru,manual review,gemma,20260823T060119Z-cabb9934,8,2847,disconnect-path-in-a-binary-matrix-by-at-most-one-flip,needs_manual_review,,incorrect,False,high,The algorithm effectively tests whether a path currently exists after an undirected-style marking pass; it does not determine whether one non-endpoint flip can disconnect all monotone paths.
TRACER-17,Sayuru,manual review,gemma,20260823T060119Z-cabb9934,9,2848,smallest-string-starting-from-leaf,needs_manual_review,,incorrect,False,high,"self.result starts as an empty string, so no non-empty path can satisfy path < self.result; the method returns an empty result."
TRACER-17,Sayuru,manual review,gemma,20260823T060119Z-cabb9934,10,2849,online-election,needs_manual_review,,incorrect,False,high,"It appends a leader only when the current voter reaches or exceeds the maximum. Lower-count votes produce no entry, so persons can be shorter than times and queries can return the wrong leader or index out of range."
TRACER-17,Sayuru,manual review,gemma,20260823T060119Z-cabb9934,11,2850,number-complement,needs_manual_review,,correct,True,high,"For the positive-integer task, flipping each bit of bin(num)[2:] and converting back to int is correct."
TRACER-17,Sayuru,manual review,gemma,20260823T060119Z-cabb9934,12,2851,binary-tree-level-order-traversal-ii,needs_manual_review,,incorrect,False,high,It reverses values inside each level but leaves the levels themselves top-down; the task requires bottom-up level order.
TRACER-17,Sayuru,manual review,gemma,20260823T060119Z-cabb9934,13,2852,maximum-of-absolute-value-expression,needs_manual_review,,correct,True,medium,"The O(n^2) brute-force implementation directly evaluates the required expression for every i,j pair and is functionally correct for the stored task statement, though it may not scale to large hidden constraints."
TRACER-17,Sayuru,manual review,gemma,20260823T060119Z-cabb9934,14,2853,minimum-cost-to-make-at-least-one-valid-path-in-a-grid,needs_manual_review,,incorrect,False,high,"It performs ordinary BFS over all neighboring cells and increments cost by distance, ignoring whether a move follows the cell's sign or requires a modification."
TRACER-17,Sayuru,manual review,gemma,20260823T060119Z-cabb9934,15,2854,alternating-digit-sum,needs_manual_review,,correct,True,high,"Directly implements alternating + and - signs from the most significant digit, matching the task."
TRACER-17,Sayuru,manual review,gemma,20260823T060119Z-cabb9934,16,2855,best-time-to-buy-and-sell-stock-ii,needs_manual_review,,incorrect,False,high,"This is a single-transaction max-profit algorithm; the task allows multiple buy/sell transactions, e.g. [7,1,5,3,6,4] should return 7, not 5."
TRACER-17,Sayuru,manual review,gemma,20260823T060119Z-cabb9934,17,2856,substring-with-concatenation-of-all-words,needs_manual_review,,incorrect,False,high,"It assumes each word must occur exactly once by checking seen[word] == 1, so valid inputs containing duplicate words are rejected."
TRACER-17,Sayuru,manual review,gemma,20260823T060119Z-cabb9934,18,2857,merge-k-sorted-lists,needs_manual_review,,incorrect,False,high,"It concatenates each linked list in input order without merging by node value, so the final list is not globally sorted in general."
TRACER-17,Sayuru,manual review,gemma,20260823T060119Z-cabb9934,19,2858,find-the-string-with-lcp,needs_manual_review,,incorrect,False,high,"It never groups positions where lcp[i][j] > 0, assigning every new position a fresh character; this fails valid matrices with shared-prefix relationships."
